rank,movement,points,competitions_played,competitor_id
1,0,9350,22,sr:competitor:49363
1,0,9350,22,sr:competitor:51836
3,0,7590,25,sr:competitor:14898
4,0,7590,26,sr:competitor:637970
5,0,6460,20,sr:competitor:87690
6,2,5910,20,sr:competitor:36593
7,2,5820,19,sr:competitor:52293
8,-2,5760,22,sr:competitor:95801
9,-2,5700,20,sr:competitor:15310
10,0,5035,16,sr:competitor:15568
11,0,5035,19,sr:competitor:16160
12,0,4710,13,sr:competitor:124658
13,0,4610,24,sr:competitor:16608
14,0,4460,34,sr:competitor:59131
15,0,4325,33,sr:competitor:108099
16,0,4180,27,sr:competitor:16151
17,0,3820,26,sr:competitor:53785
18,2,2960,26,sr:competitor:210736
19,2,2960,34,sr:competitor:55989
20,2,2910,31,sr:competitor:47834
21,-3,2865,24,sr:competitor:38181
22,11,2730,22,sr:competitor:74173
23,0,2703,36,sr:competitor:23899
24,-5,2640,19,sr:competitor:15548
25,0,2570,36,sr:competitor:52065
26,2,2565,30,sr:competitor:56629
27,2,2560,26,sr:competitor:14553
28,2,2500,34,sr:competitor:206889
29,12,2490,26,sr:competitor:70348
30,-3,2415,29,sr:competitor:106349
31,0,2407,26,sr:competitor:76263
32,12,2400,26,sr:competitor:230186
33,-9,2400,27,sr:competitor:52202
34,-8,2370,27,sr:competitor:22967
35,-1,2340,26,sr:competitor:14835
36,-4,2340,27,sr:competitor:112805
37,-2,2280,27,sr:competitor:59324
38,1,2270,22,sr:competitor:15307
39,-3,2256,24,sr:competitor:121182
40,8,2256,32,sr:competitor:62410
41,9,2210,31,sr:competitor:66864
42,-4,2195,22,sr:competitor:16409
43,-6,2115,35,sr:competitor:106559
44,-4,2096,28,sr:competitor:45105
45,2,2040,28,sr:competitor:81059
46,-1,1994,34,sr:competitor:114831
47,-5,1985,25,sr:competitor:16124
48,-5,1976,28,sr:competitor:41475
49,2,1935,36,sr:competitor:231188
50,-4,1870,10,sr:competitor:203681
51,-2,1805,32,sr:competitor:15305
52,0,1780,31,sr:competitor:108755
53,2,1760,33,sr:competitor:47295
54,3,1640,32,sr:competitor:127646
55,-1,1635,26,sr:competitor:16275
56,0,1620,32,sr:competitor:78793
57,2,1575,29,sr:competitor:104917
58,0,1570,41,sr:competitor:231090
59,9,1560,41,sr:competitor:112969
59,9,1560,41,sr:competitor:936355
61,-8,1555,24,sr:competitor:47966
62,0,1497,37,sr:competitor:16823
63,-2,1495,29,sr:competitor:81763
64,-1,1483,32,sr:competitor:52244
65,-5,1477,26,sr:competitor:69362
66,-2,1460,24,sr:competitor:17038
67,-1,1433,37,sr:competitor:111195
68,-3,1410,28,sr:competitor:15588
69,1,1380,30,sr:competitor:152900
70,-3,1372,34,sr:competitor:48646
71,0,1350,29,sr:competitor:49306
72,0,1312,31,sr:competitor:204781
73,1,1260,25,sr:competitor:25189
74,1,1225,28,sr:competitor:52263
75,1,1189,27,sr:competitor:838776
76,-3,1169,30,sr:competitor:918463
77,7,1168,33,sr:competitor:223868
78,3,1146,38,sr:competitor:147104
79,-2,1145,23,sr:competitor:16198
80,-2,1141,30,sr:competitor:16042
81,-1,1120,15,sr:competitor:63438
82,0,1095,12,sr:competitor:871495
83,0,1095,33,sr:competitor:287215
84,6,1078,37,sr:competitor:98413
85,0,1058,20,sr:competitor:393598
86,1,1035,30,sr:competitor:52951
87,12,1000,23,sr:competitor:77223
88,3,955,28,sr:competitor:243522
89,-1,942,29,sr:competitor:16043
90,2,913,28,sr:competitor:234124
91,-5,906,23,sr:competitor:104421
92,-13,900,12,sr:competitor:300540
93,8,900,14,sr:competitor:808628
94,-1,872,35,sr:competitor:1020797
95,0,867,24,sr:competitor:16573
96,8,847,35,sr:competitor:16992
97,13,829,31,sr:competitor:450383
98,30,820,10,sr:competitor:126356
99,-3,810,8,sr:competitor:125006
100,8,809,31,sr:competitor:60920
101,1,807,20,sr:competitor:76361
102,20,806,32,sr:competitor:25021
103,2,797,35,sr:competitor:73572
104,5,795,31,sr:competitor:53759
105,-11,793,25,sr:competitor:197678
106,0,793,25,sr:competitor:305776
107,-10,787,36,sr:competitor:209202
108,-10,784,38,sr:competitor:77653
109,-9,766,19,sr:competitor:25457
110,-3,766,36,sr:competitor:121032
111,-22,765,9,sr:competitor:75813
112,4,760,40,sr:competitor:256001
113,-2,757,31,sr:competitor:234044
114,1,754,34,sr:competitor:50037
115,-3,744,30,sr:competitor:296270
116,-3,743,33,sr:competitor:16854
117,9,725,24,sr:competitor:263917
118,-4,711,34,sr:competitor:95923
119,4,701,31,sr:competitor:240880
120,-17,696,34,sr:competitor:157396
121,-4,690,14,sr:competitor:102151
122,3,675,27,sr:competitor:548169
123,-4,674,24,sr:competitor:141882
124,0,664,30,sr:competitor:16492
125,-7,662,16,sr:competitor:299130
126,7,658,35,sr:competitor:113889
127,-6,657,21,sr:competitor:146040
128,-1,648,13,sr:competitor:39712
129,1,630,11,sr:competitor:163480
130,1,630,19,sr:competitor:534043
131,-11,629,38,sr:competitor:52260
132,2,606,11,sr:competitor:35766
133,-4,595,31,sr:competitor:111607
134,3,591,18,sr:competitor:100069
135,3,590,35,sr:competitor:297502
136,3,589,27,sr:competitor:124708
137,-5,587,37,sr:competitor:77011
138,6,581,30,sr:competitor:42151
139,10,572,28,sr:competitor:58877
140,20,570,33,sr:competitor:92845
141,7,569,31,sr:competitor:390480
142,10,566,33,sr:competitor:145008
143,-7,564,23,sr:competitor:78387
144,-3,562,26,sr:competitor:119150
145,-3,560,12,sr:competitor:392066
146,-1,551,29,sr:competitor:72420
147,-1,551,30,sr:competitor:55745
148,-8,551,34,sr:competitor:25458
149,-2,548,22,sr:competitor:280601
150,4,546,25,sr:competitor:113221
151,-1,545,6,sr:competitor:128552
152,1,540,10,sr:competitor:90080
153,-10,537,39,sr:competitor:112061
154,3,534,38,sr:competitor:98981
155,1,527,27,sr:competitor:44637
156,2,527,30,sr:competitor:58989
157,-22,526,34,sr:competitor:145936
158,1,520,5,sr:competitor:102339
159,2,515,31,sr:competitor:110707
160,3,515,34,sr:competitor:297448
161,1,510,14,sr:competitor:122368
162,-7,507,26,sr:competitor:380004
163,1,506,20,sr:competitor:216502
164,1,504,21,sr:competitor:119140
165,9,504,33,sr:competitor:263865
166,33,503,17,sr:competitor:250231
167,-1,501,28,sr:competitor:628218
168,-1,500,5,sr:competitor:44553
169,-1,496,10,sr:competitor:108767
170,-1,495,9,sr:competitor:122366
171,2,495,25,sr:competitor:59700
172,-1,486,23,sr:competitor:195458
173,-1,479,13,sr:competitor:448357
174,3,466,14,sr:competitor:405977
175,1,464,20,sr:competitor:204495
176,2,461,13,sr:competitor:15809
177,2,452,37,sr:competitor:155860
178,-3,447,37,sr:competitor:422955
179,1,446,15,sr:competitor:295508
180,1,446,32,sr:competitor:106395
181,1,443,24,sr:competitor:99377
182,-12,441,33,sr:competitor:84671
183,2,435,35,sr:competitor:37637
183,2,435,35,sr:competitor:54609
185,45,434,18,sr:competitor:251091
186,12,425,12,sr:competitor:227358
187,-4,425,16,sr:competitor:530317
188,3,424,30,sr:competitor:99043
189,-5,421,6,sr:competitor:94485
190,-39,420,26,sr:competitor:69910
191,-4,411,23,sr:competitor:82579
192,-4,409,23,sr:competitor:396126
193,2,407,25,sr:competitor:221556
194,-5,407,34,sr:competitor:289021
195,-5,405,9,sr:competitor:671637
196,-4,398,22,sr:competitor:96859
197,-4,398,30,sr:competitor:310972
198,-4,397,30,sr:competitor:55293
199,-3,383,21,sr:competitor:218344
200,-3,381,13,sr:competitor:43319
201,-1,374,33,sr:competitor:163538
202,-1,372,14,sr:competitor:64920
203,1,360,5,sr:competitor:352776
204,1,360,6,sr:competitor:89632
205,1,360,18,sr:competitor:169496
206,1,356,24,sr:competitor:163540
207,7,354,37,sr:competitor:880089
208,0,353,11,sr:competitor:342826
209,0,353,34,sr:competitor:853643
210,-7,349,11,sr:competitor:49417
211,-1,349,24,sr:competitor:50148
212,-1,343,26,sr:competitor:233144
213,0,341,25,sr:competitor:723013
214,1,331,24,sr:competitor:163438
215,1,330,2,sr:competitor:339377
216,2,329,32,sr:competitor:348308
217,-15,322,22,sr:competitor:85877
218,4,322,22,sr:competitor:161868
219,4,320,23,sr:competitor:15275
220,11,320,30,sr:competitor:120956
221,12,317,10,sr:competitor:132558
222,-10,316,30,sr:competitor:161448
223,2,315,7,sr:competitor:124930
224,3,315,11,sr:competitor:257721
225,1,315,11,sr:competitor:399637
226,2,315,16,sr:competitor:255595
227,-3,314,32,sr:competitor:395828
228,-7,307,26,sr:competitor:79223
229,11,303,8,sr:competitor:496346
230,2,303,15,sr:competitor:38180
231,-12,302,8,sr:competitor:539343
232,2,300,3,sr:competitor:136042
233,2,298,14,sr:competitor:428657
234,2,298,28,sr:competitor:77501
235,3,296,9,sr:competitor:212004
236,21,296,13,sr:competitor:373852
237,2,296,17,sr:competitor:284801
238,-9,295,25,sr:competitor:169492
239,2,294,21,sr:competitor:214824
240,-20,294,24,sr:competitor:193930
241,37,294,27,sr:competitor:739643
242,19,290,23,sr:competitor:973963
243,21,285,33,sr:competitor:208123
244,0,282,11,sr:competitor:284805
245,-8,282,33,sr:competitor:96629
246,-1,281,23,sr:competitor:552469
247,41,278,32,sr:competitor:154490
248,-2,278,33,sr:competitor:379924
249,-7,277,26,sr:competitor:498580
250,-3,277,32,sr:competitor:154740
251,-3,275,6,sr:competitor:294300
252,-3,275,19,sr:competitor:145108
253,-3,274,30,sr:competitor:308834
254,-3,273,22,sr:competitor:180104
255,12,272,31,sr:competitor:412829
256,-3,272,41,sr:competitor:51304
257,-3,270,5,sr:competitor:206879
258,-3,270,7,sr:competitor:57163
259,-3,270,9,sr:competitor:450283
260,-8,265,20,sr:competitor:686709
261,-3,264,22,sr:competitor:927343
262,-3,264,29,sr:competitor:126622
263,-3,260,14,sr:competitor:168420
264,-2,258,28,sr:competitor:48225
265,-2,257,30,sr:competitor:731833
266,-1,256,10,sr:competitor:156664
267,-1,256,21,sr:competitor:505542
268,0,255,3,sr:competitor:145112
269,21,255,9,sr:competitor:682913
270,49,254,21,sr:competitor:287543
271,-2,253,9,sr:competitor:121668
272,10,253,17,sr:competitor:220588
273,-3,253,21,sr:competitor:437794
274,205,252,18,sr:competitor:51100
275,-3,252,20,sr:competitor:53483
276,-3,252,23,sr:competitor:614090
277,-3,250,5,sr:competitor:130398
278,-3,250,24,sr:competitor:126402
279,-3,249,13,sr:competitor:79227
280,-9,248,34,sr:competitor:322589
281,-4,247,31,sr:competitor:217192
282,10,244,24,sr:competitor:398360
283,-4,242,10,sr:competitor:130436
284,-41,241,10,sr:competitor:51974
285,-5,240,14,sr:competitor:774476
286,14,236,31,sr:competitor:645442
287,-2,236,32,sr:competitor:96535
288,-2,235,29,sr:competitor:452787
289,-6,233,22,sr:competitor:60614
290,-1,232,24,sr:competitor:207777
291,0,230,21,sr:competitor:645452
292,1,228,25,sr:competitor:185434
293,1,226,16,sr:competitor:378220
294,1,225,4,sr:competitor:47975
294,1,225,4,sr:competitor:129368
296,1,225,7,sr:competitor:15931
297,-13,223,28,sr:competitor:381022
298,1,222,16,sr:competitor:809324
299,-1,222,25,sr:competitor:161220
300,-13,221,34,sr:competitor:154570
301,0,220,13,sr:competitor:47760
302,0,219,21,sr:competitor:95939
303,0,217,6,sr:competitor:310974
304,0,217,10,sr:competitor:145122
305,0,217,15,sr:competitor:759900
306,0,216,22,sr:competitor:84301
307,18,216,25,sr:competitor:447733
308,0,215,5,sr:competitor:49172
309,0,214,21,sr:competitor:439474
310,7,214,25,sr:competitor:193912
311,-1,211,9,sr:competitor:113905
312,-1,211,28,sr:competitor:407791
313,-1,211,37,sr:competitor:223788
314,0,208,5,sr:competitor:603098
315,0,208,22,sr:competitor:121248
316,0,208,23,sr:competitor:244388
317,-10,208,36,sr:competitor:124934
318,61,205,12,sr:competitor:134602
319,-1,204,12,sr:competitor:93597
320,0,201,13,sr:competitor:82133
321,0,201,27,sr:competitor:220590
322,0,200,4,sr:competitor:67154
323,0,200,5,sr:competitor:124656
324,0,199,12,sr:competitor:686911
325,1,197,13,sr:competitor:240264
326,1,195,31,sr:competitor:272245
327,8,194,15,sr:competitor:286367
328,-15,193,31,sr:competitor:202735
329,1,190,5,sr:competitor:14508
329,0,190,5,sr:competitor:83397
331,0,190,31,sr:competitor:458575
332,0,188,20,sr:competitor:138712
333,0,187,17,sr:competitor:303808
334,2,186,18,sr:competitor:976405
335,2,185,13,sr:competitor:457059
336,-8,184,14,sr:competitor:305558
337,3,182,20,sr:competitor:750283
338,3,181,25,sr:competitor:202681
339,3,180,1,sr:competitor:112783
340,3,180,2,sr:competitor:57703
340,3,180,2,sr:competitor:163504
342,3,180,2,sr:competitor:225050
343,-126,180,2,sr:competitor:46391
344,3,180,4,sr:competitor:214182
345,1,180,5,sr:competitor:104847
346,2,180,6,sr:competitor:682911
347,2,180,25,sr:competitor:103625
348,2,179,25,sr:competitor:182086
349,2,178,24,sr:competitor:452691
350,2,178,24,sr:competitor:435758
351,2,177,13,sr:competitor:49663
352,-14,177,20,sr:competitor:196672
353,1,176,9,sr:competitor:226124
354,1,176,25,sr:competitor:130442
355,1,175,4,sr:competitor:90798
356,1,175,30,sr:competitor:681071
357,1,174,7,sr:competitor:387066
358,1,170,9,sr:competitor:515510
359,1,169,15,sr:competitor:362982
360,-21,169,22,sr:competitor:54903
361,2,167,17,sr:competitor:620338
362,2,165,7,sr:competitor:947875
363,-1,164,12,sr:competitor:205767
364,1,164,13,sr:competitor:359608
365,2,164,25,sr:competitor:16852
366,-85,163,6,sr:competitor:121122
367,1,163,12,sr:competitor:679701
368,1,163,21,sr:competitor:873679
369,1,162,5,sr:competitor:80665
370,1,162,12,sr:competitor:65606
371,1,161,16,sr:competitor:215778
372,-11,160,16,sr:competitor:55787
373,0,160,17,sr:competitor:312436
374,0,159,17,sr:competitor:312728
375,2,159,19,sr:competitor:111609
376,-1,158,23,sr:competitor:229024
377,-1,157,11,sr:competitor:286541
378,16,157,19,sr:competitor:118166
379,-1,156,16,sr:competitor:861549
380,0,155,20,sr:competitor:116616
381,49,155,23,sr:competitor:115239
382,0,155,29,sr:competitor:418163
383,0,154,15,sr:competitor:564952
384,-3,154,29,sr:competitor:767058
385,-1,153,17,sr:competitor:644676
386,-1,153,19,sr:competitor:96239
387,-1,153,20,sr:competitor:538457
388,2,152,20,sr:competitor:252233
389,26,152,20,sr:competitor:138528
390,49,151,21,sr:competitor:273883
391,25,151,21,sr:competitor:256375
392,-5,150,3,sr:competitor:763108
393,-5,150,5,sr:competitor:185388
394,-5,150,8,sr:competitor:106755
395,-4,150,22,sr:competitor:272273
396,-4,149,7,sr:competitor:565070
397,-4,148,11,sr:competitor:210502
398,-32,148,24,sr:competitor:437734
399,3,148,28,sr:competitor:156826
400,21,148,48,sr:competitor:759758
401,3,147,23,sr:competitor:855911
402,64,145,18,sr:competitor:165234
403,-6,145,21,sr:competitor:385204
404,-6,145,24,sr:competitor:217038
405,-6,144,10,sr:competitor:655845
406,-6,144,16,sr:competitor:16781
407,-6,144,19,sr:competitor:298118
408,27,144,28,sr:competitor:246745
409,-6,143,10,sr:competitor:321667
410,-5,142,25,sr:competitor:280559
411,-77,141,9,sr:competitor:17359
412,31,141,13,sr:competitor:406397
413,-7,141,21,sr:competitor:785974
414,-7,141,22,sr:competitor:497320
415,-7,140,4,sr:competitor:405969
416,-6,140,9,sr:competitor:763106
417,-6,139,10,sr:competitor:52276
418,-6,139,22,sr:competitor:501410
419,-6,138,17,sr:competitor:345060
420,-6,138,27,sr:competitor:761136
421,2137,137,6,sr:competitor:861511
422,-5,135,1,sr:competitor:163636
422,0,135,1,sr:competitor:508498
424,-6,135,5,sr:competitor:57021
425,-6,135,9,sr:competitor:54573
426,-4,134,12,sr:competitor:74441
427,-3,132,5,sr:competitor:503814
428,-3,132,26,sr:competitor:404753
429,-3,131,7,sr:competitor:938667
430,-7,131,23,sr:competitor:215696
431,-2,130,20,sr:competitor:1025093
432,-36,129,18,sr:competitor:269535
433,0,128,9,sr:competitor:210526
434,0,128,15,sr:competitor:524256
435,58,127,11,sr:competitor:622876
436,0,127,14,sr:competitor:269523
437,105,127,16,sr:competitor:283759
438,0,127,19,sr:competitor:390486
439,3,125,11,sr:competitor:177686
440,4,125,15,sr:competitor:186629
441,41,125,18,sr:competitor:920395
442,3,125,22,sr:competitor:675167
443,4,124,12,sr:competitor:266711
444,5,123,7,sr:competitor:283965
445,5,123,20,sr:competitor:342822
446,5,123,22,sr:competitor:837590
447,5,123,32,sr:competitor:160104
448,5,122,12,sr:competitor:88992
449,5,122,12,sr:competitor:682903
450,5,122,13,sr:competitor:570833
451,5,122,18,sr:competitor:210636
452,5,122,22,sr:competitor:297608
453,5,122,23,sr:competitor:181384
454,5,122,36,sr:competitor:322729
455,5,121,6,sr:competitor:132834
456,-25,121,11,sr:competitor:263857
457,30,121,14,sr:competitor:317355
458,4,121,14,sr:competitor:137890
459,2,121,14,sr:competitor:241710
460,3,121,18,sr:competitor:418167
461,4,120,9,sr:competitor:307112
462,5,120,25,sr:competitor:783794
463,5,119,7,sr:competitor:369572
464,5,119,12,sr:competitor:224936
465,5,119,13,sr:competitor:46259
466,6,118,13,sr:competitor:341218
467,6,118,20,sr:competitor:50901
468,7,118,20,sr:competitor:294248
469,5,118,20,sr:competitor:389078
470,6,118,21,sr:competitor:76251
471,6,118,25,sr:competitor:256481
472,6,117,15,sr:competitor:194668
473,7,117,24,sr:competitor:100317
474,-26,116,13,sr:competitor:114885
475,6,116,13,sr:competitor:684577
476,7,115,2,sr:competitor:997473
477,-49,115,15,sr:competitor:15743
478,6,114,9,sr:competitor:801374
479,7,114,18,sr:competitor:199196
480,-48,113,14,sr:competitor:220932
481,-17,113,25,sr:competitor:209356
482,3,112,16,sr:competitor:107483
483,5,112,18,sr:competitor:403357
484,5,112,19,sr:competitor:282183
485,5,112,20,sr:competitor:260947
486,5,112,24,sr:competitor:990785
487,-41,112,28,sr:competitor:376372
488,4,111,9,sr:competitor:50360
489,5,111,14,sr:competitor:283451
490,56,111,15,sr:competitor:219398
491,10,111,16,sr:competitor:378320
492,3,111,17,sr:competitor:609146
493,3,110,2,sr:competitor:14882
494,3,110,4,sr:competitor:39711
495,-58,110,14,sr:competitor:54975
496,-25,110,18,sr:competitor:833418
497,2,110,21,sr:competitor:170964
498,2,109,11,sr:competitor:47767
499,3,109,19,sr:competitor:978579
500,5,107,14,sr:competitor:57759
1,0,10665,18,sr:competitor:72376
2,0,8825,15,sr:competitor:51387
3,0,8125,23,sr:competitor:74949
4,0,6775,18,sr:competitor:64496
5,0,6385,17,sr:competitor:43860
6,0,5355,15,sr:competitor:19202
6,0,5355,15,sr:competitor:69208
8,0,4690,24,sr:competitor:19932
9,0,4630,21,sr:competitor:41520
10,1,4523,31,sr:competitor:19607
11,-1,4521,17,sr:competitor:18936
12,1,4338,23,sr:competitor:64021
13,-1,4246,16,sr:competitor:588071
14,3,3985,17,sr:competitor:123824
15,1,3968,27,sr:competitor:47810
16,-2,3945,25,sr:competitor:48625
17,1,3913,30,sr:competitor:69718
18,1,3869,13,sr:competitor:871583
19,-4,3835,19,sr:competitor:66968
20,0,3820,25,sr:competitor:119670
21,0,3726,27,sr:competitor:99131
22,1,3650,26,sr:competitor:46084
23,-1,3640,14,sr:competitor:37508
24,2,3351,22,sr:competitor:50537
25,0,3296,5,sr:competitor:373352
26,-2,3265,11,sr:competitor:33593
27,0,3073,28,sr:competitor:24431
28,0,2785,28,sr:competitor:150122
29,0,2779,29,sr:competitor:66432
30,0,2767,32,sr:competitor:182178
31,0,2676,28,sr:competitor:129714
32,0,2665,16,sr:competitor:78551
33,0,2615,17,sr:competitor:289507
34,0,2611,27,sr:competitor:142996
35,3,2543,19,sr:competitor:96075
36,-1,2534,24,sr:competitor:43102
37,-1,2419,23,sr:competitor:18354
38,-1,2366,19,sr:competitor:91960
39,0,2324,28,sr:competitor:166124
40,0,2290,10,sr:competitor:60392
41,0,2255,22,sr:competitor:19655
42,0,2186,24,sr:competitor:51481
43,0,2155,16,sr:competitor:272217
44,1,2053,28,sr:competitor:19974
45,3,1994,9,sr:competitor:103901
46,0,1976,19,sr:competitor:153652
47,2,1921,24,sr:competitor:49682
48,-4,1907,8,sr:competitor:60398
49,2,1889,31,sr:competitor:70784
50,0,1875,26,sr:competitor:19731
51,1,1863,22,sr:competitor:157672
52,1,1827,15,sr:competitor:47697
53,3,1811,14,sr:competitor:128584
54,0,1776,11,sr:competitor:59702
55,0,1752,29,sr:competitor:43547
56,1,1711,7,sr:competitor:278887
57,-10,1692,28,sr:competitor:47801
58,0,1618,15,sr:competitor:138452
59,0,1606,27,sr:competitor:61606
60,0,1568,33,sr:competitor:60668
61,0,1556,11,sr:competitor:44834
62,12,1449,15,sr:competitor:67759
63,1,1386,11,sr:competitor:41877
64,-2,1340,16,sr:competitor:53789
65,1,1292,12,sr:competitor:360038
66,1,1290,27,sr:competitor:215476
67,-2,1245,11,sr:competitor:88310
68,0,1243,30,sr:competitor:52695
69,10,1236,30,sr:competitor:44977
70,0,1195,31,sr:competitor:194106
71,0,1168,13,sr:competitor:252223
72,10,1163,14,sr:competitor:401055
73,0,1150,8,sr:competitor:45915
74,-2,1116,29,sr:competitor:37504
75,-6,1102,30,sr:competitor:69602
76,-1,1101,12,sr:competitor:45545
77,-14,1092,13,sr:competitor:135854
78,15,1085,15,sr:competitor:41524
79,-3,1084,15,sr:competitor:105463
80,0,1082,28,sr:competitor:173748
81,0,1068,34,sr:competitor:73542
82,-5,1063,29,sr:competitor:48451
83,-5,1013,31,sr:competitor:168526
84,5,972,21,sr:competitor:108621
85,-2,959,12,sr:competitor:192130
86,-1,942,34,sr:competitor:121760
87,-1,930,6,sr:competitor:179146
88,-1,923,11,sr:competitor:52025
89,-1,901,29,sr:competitor:71754
90,0,898,26,sr:competitor:799304
91,0,871,31,sr:competitor:182054
92,8,850,29,sr:competitor:51651
93,-9,842,12,sr:competitor:234150
94,-2,827,36,sr:competitor:54175
95,0,823,13,sr:competitor:42289
96,0,811,32,sr:competitor:418583
97,0,804,17,sr:competitor:111189
98,0,793,9,sr:competitor:318195
99,6,789,13,sr:competitor:235260
100,-1,785,18,sr:competitor:210558
101,1,773,14,sr:competitor:41404
102,2,753,11,sr:competitor:286435
103,3,740,19,sr:competitor:453301
104,3,735,32,sr:competitor:143140
105,3,734,34,sr:competitor:51943
106,-3,734,19,sr:competitor:227486
107,-13,733,18,sr:competitor:72450
108,4,732,24,sr:competitor:378340
109,0,730,16,sr:competitor:64085
110,0,727,24,sr:competitor:215598
111,3,725,8,sr:competitor:72758
112,-1,722,14,sr:competitor:549759
113,4,693,20,sr:competitor:161270
114,1,677,32,sr:competitor:628178
115,-14,672,5,sr:competitor:18298
116,0,660,14,sr:competitor:335171
117,1,657,16,sr:competitor:345070
118,1,650,4,sr:competitor:19546
119,2,640,12,sr:competitor:262759
120,2,639,27,sr:competitor:53288
121,2,636,20,sr:competitor:303814
122,-2,633,22,sr:competitor:87090
123,1,626,19,sr:competitor:473609
124,12,620,15,sr:competitor:92879
125,1,615,15,sr:competitor:120666
126,1,611,20,sr:competitor:67430
127,23,609,27,sr:competitor:92877
128,26,606,11,sr:competitor:227390
129,-1,602,28,sr:competitor:46428
130,-1,600,13,sr:competitor:150574
131,-1,599,25,sr:competitor:98607
132,-1,592,15,sr:competitor:297588
133,0,585,10,sr:competitor:319455
134,-2,585,12,sr:competitor:23158
135,-1,584,14,sr:competitor:115507
136,-11,581,20,sr:competitor:19847
137,-24,579,23,sr:competitor:49907
138,-3,578,12,sr:competitor:42492
139,8,570,19,sr:competitor:256447
140,22,561,28,sr:competitor:189384
141,-3,560,2,sr:competitor:228418
142,-2,557,6,sr:competitor:242602
143,-2,557,13,sr:competitor:771430
144,-7,557,23,sr:competitor:148276
145,-1,550,24,sr:competitor:137990
146,2,546,24,sr:competitor:99429
147,-1,542,6,sr:competitor:373354
148,-3,539,15,sr:competitor:147506
149,3,538,12,sr:competitor:52183
150,-11,529,28,sr:competitor:61526
151,0,529,23,sr:competitor:119216
152,3,515,17,sr:competitor:776340
153,3,508,20,sr:competitor:137932
154,5,503,32,sr:competitor:143146
155,-2,498,13,sr:competitor:867519
156,2,498,31,sr:competitor:448121
157,6,492,25,sr:competitor:102637
158,-9,490,23,sr:competitor:50915
159,11,489,22,sr:competitor:195408
160,0,487,12,sr:competitor:256547
161,16,485,26,sr:competitor:235252
162,-5,478,43,sr:competitor:325837
163,-20,476,14,sr:competitor:118096
164,1,474,29,sr:competitor:45827
165,1,474,22,sr:competitor:203893
166,9,472,19,sr:competitor:183957
167,1,471,29,sr:competitor:46528
168,12,470,30,sr:competitor:206995
169,2,463,15,sr:competitor:448081
170,3,459,10,sr:competitor:87834
171,36,458,27,sr:competitor:378144
172,-3,457,32,sr:competitor:65610
173,1,454,7,sr:competitor:287769
174,2,451,5,sr:competitor:569013
175,-33,444,4,sr:competitor:133662
176,3,438,17,sr:competitor:676251
177,4,437,27,sr:competitor:805538
178,17,434,29,sr:competitor:119874
179,5,432,27,sr:competitor:245673
180,5,428,12,sr:competitor:141892
181,5,425,8,sr:competitor:242630
182,5,425,32,sr:competitor:41359
183,-16,424,14,sr:competitor:160190
184,-1,423,14,sr:competitor:208125
185,5,423,20,sr:competitor:156040
185,5,423,20,sr:competitor:210670
187,5,422,7,sr:competitor:608348
188,-10,422,22,sr:competitor:91916
189,4,421,28,sr:competitor:46650
190,-1,420,19,sr:competitor:250285
191,5,419,21,sr:competitor:170880
192,2,418,26,sr:competitor:97031
193,7,416,24,sr:competitor:353358
194,-33,412,18,sr:competitor:369524
195,-23,411,7,sr:competitor:245295
196,33,411,25,sr:competitor:152106
197,-9,410,24,sr:competitor:215806
198,-1,409,7,sr:competitor:105099
199,0,403,34,sr:competitor:59762
200,1,401,11,sr:competitor:110055
201,-19,401,20,sr:competitor:45139
202,-4,400,25,sr:competitor:93657
203,-1,400,18,sr:competitor:70728
204,-1,398,26,sr:competitor:64315
205,7,398,25,sr:competitor:904005
206,-2,397,17,sr:competitor:568715
207,-1,397,27,sr:competitor:46625
208,-3,396,9,sr:competitor:675189
209,1,390,10,sr:competitor:329535
210,1,389,23,sr:competitor:290994
211,2,387,24,sr:competitor:310984
212,2,385,20,sr:competitor:414533
213,2,382,30,sr:competitor:244216
214,-5,380,20,sr:competitor:79443
215,10,379,21,sr:competitor:48486
216,0,377,27,sr:competitor:23688
217,20,375,13,sr:competitor:52489
218,-1,373,11,sr:competitor:47948
219,-1,370,17,sr:competitor:153748
220,-12,368,10,sr:competitor:226306
221,0,365,10,sr:competitor:789688
222,-2,363,31,sr:competitor:80427
223,0,362,17,sr:competitor:190882
224,0,358,21,sr:competitor:67194
225,-6,358,17,sr:competitor:505998
226,0,357,14,sr:competitor:119410
227,0,355,4,sr:competitor:75825
228,36,354,17,sr:competitor:406199
229,3,353,26,sr:competitor:448613
230,-2,352,9,sr:competitor:41737
231,-1,350,6,sr:competitor:49118
232,-1,350,21,sr:competitor:496316
233,0,348,16,sr:competitor:731427
234,21,347,16,sr:competitor:341216
235,-1,341,12,sr:competitor:26120
236,0,339,33,sr:competitor:88494
237,1,336,16,sr:competitor:82609
238,69,334,14,sr:competitor:54397
239,19,334,27,sr:competitor:447703
240,1,333,28,sr:competitor:59213
241,1,331,34,sr:competitor:233478
242,-20,329,17,sr:competitor:51315
243,1,329,19,sr:competitor:868599
244,1,327,5,sr:competitor:152804
245,2,322,12,sr:competitor:337813
246,19,321,20,sr:competitor:132412
247,-1,320,23,sr:competitor:807358
248,0,319,20,sr:competitor:282597
249,0,319,22,sr:competitor:870981
250,-7,318,21,sr:competitor:289093
252,-1,317,23,sr:competitor:222546
253,47,315,4,sr:competitor:67757
254,-2,315,20,sr:competitor:260987
255,-2,315,21,sr:competitor:445209
256,-92,314,13,sr:competitor:71284
257,-22,313,13,sr:competitor:385206
258,46,311,13,sr:competitor:63220
259,29,311,15,sr:competitor:496378
260,-3,307,6,sr:competitor:172590
261,-2,306,21,sr:competitor:517274
262,4,306,24,sr:competitor:181062
263,8,306,20,sr:competitor:192572
264,-4,305,8,sr:competitor:1017327
265,-3,303,16,sr:competitor:73500
266,-3,303,13,sr:competitor:416473
267,0,300,14,sr:competitor:763112
268,0,299,33,sr:competitor:315663
269,0,299,23,sr:competitor:60028
270,33,298,25,sr:competitor:70970
271,-1,298,26,sr:competitor:731441
272,0,293,15,sr:competitor:49963
273,14,292,15,sr:competitor:234398
274,-1,292,18,sr:competitor:198498
275,-1,290,6,sr:competitor:90664
276,0,290,22,sr:competitor:70822
277,-16,289,28,sr:competitor:47985
278,-1,287,19,sr:competitor:842594
279,31,286,16,sr:competitor:194690
280,-2,286,21,sr:competitor:673491
281,-2,286,19,sr:competitor:265553
282,-2,286,26,sr:competitor:409673
283,-2,284,6,sr:competitor:18588
284,-2,284,20,sr:competitor:104929
285,-2,283,11,sr:competitor:41374
286,-30,283,18,sr:competitor:52533
287,2,283,18,sr:competitor:283489
288,-4,281,28,sr:competitor:59662
289,-4,280,7,sr:competitor:202363
290,-4,280,27,sr:competitor:78785
291,-16,277,17,sr:competitor:499098
292,-2,272,4,sr:competitor:845268
293,-2,272,21,sr:competitor:343066
294,-2,271,10,sr:competitor:534045
295,-2,269,12,sr:competitor:812502
296,61,269,19,sr:competitor:380368
297,117,268,6,sr:competitor:192108
298,-4,266,16,sr:competitor:355958
299,-4,264,22,sr:competitor:343294
300,-2,262,23,sr:competitor:282057
301,-2,262,23,sr:competitor:510530
302,-1,261,25,sr:competitor:63238
303,-1,260,3,sr:competitor:62924
304,-64,258,6,sr:competitor:662615
305,0,258,22,sr:competitor:395740
306,0,257,21,sr:competitor:223862
307,1,256,15,sr:competitor:142942
308,1,255,13,sr:competitor:278943
309,23,254,7,sr:competitor:110299
310,1,254,15,sr:competitor:292540
311,2,253,27,sr:competitor:810694
312,2,252,10,sr:competitor:165866
313,-17,251,23,sr:competitor:61922
314,1,248,22,sr:competitor:246945
315,-18,246,4,sr:competitor:755469
316,0,245,7,sr:competitor:99405
317,5,244,14,sr:competitor:226092
318,-1,242,14,sr:competitor:194572
319,18,241,12,sr:competitor:403329
320,-2,240,1,sr:competitor:42339
321,17,240,15,sr:competitor:813490
322,-10,240,25,sr:competitor:37638
323,-4,239,15,sr:competitor:129534
324,-3,238,3,sr:competitor:45902
325,-1,236,25,sr:competitor:213144
326,-1,235,15,sr:competitor:567285
327,-1,234,18,sr:competitor:436690
328,-1,229,23,sr:competitor:849533
329,-1,229,24,sr:competitor:233266
330,-1,229,25,sr:competitor:54983
331,-1,228,16,sr:competitor:337811
332,-1,228,17,sr:competitor:936009
333,0,227,16,sr:competitor:285629
334,0,226,3,sr:competitor:45835
335,-96,226,3,sr:competitor:55401
336,3,225,22,sr:competitor:154806
337,-2,225,29,sr:competitor:201105
338,-2,224,8,sr:competitor:137948
339,1,224,22,sr:competitor:345134
340,1,223,19,sr:competitor:136372
341,2,221,20,sr:competitor:624838
342,2,220,21,sr:competitor:122668
343,2,219,12,sr:competitor:58053
344,2,219,16,sr:competitor:282219
345,2,218,14,sr:competitor:102191
346,-26,217,12,sr:competitor:86894
347,7,217,23,sr:competitor:254553
348,0,216,6,sr:competitor:110803
349,0,216,11,sr:competitor:896765
350,12,215,15,sr:competitor:98523
351,-1,215,17,sr:competitor:513582
352,-1,214,14,sr:competitor:107327
353,-1,212,17,sr:competitor:801396
354,-31,212,19,sr:competitor:209716
355,-2,212,21,sr:competitor:330689
356,10,212,26,sr:competitor:745799
357,-2,210,12,sr:competitor:138654
358,-2,210,14,sr:competitor:750327
359,-1,209,12,sr:competitor:1020177
360,-106,207,9,sr:competitor:762762
361,-2,206,21,sr:competitor:435794
362,122,205,16,sr:competitor:264863
363,-3,205,15,sr:competitor:586739
364,-3,205,25,sr:competitor:152762
365,66,204,12,sr:competitor:655811
366,-3,203,9,sr:competitor:319349
367,-3,202,2,sr:competitor:341112
368,-3,201,19,sr:competitor:262023
369,-1,196,28,sr:competitor:158636
370,-1,195,10,sr:competitor:87078
371,15,195,9,sr:competitor:54171
372,-2,194,18,sr:competitor:348196
373,79,193,17,sr:competitor:565020
374,-7,189,16,sr:competitor:164852
375,-2,189,19,sr:competitor:751899
376,-34,187,11,sr:competitor:329009
377,-1,186,12,sr:competitor:843378
378,16,186,11,sr:competitor:280635
379,-2,186,12,sr:competitor:812476
380,-2,185,23,sr:competitor:750329
381,-2,184,2,sr:competitor:42459
382,-2,184,19,sr:competitor:280989
383,-2,183,8,sr:competitor:467037
384,-2,183,18,sr:competitor:119496
385,-1,181,6,sr:competitor:153736
386,-3,180,10,sr:competitor:103375
387,-2,179,16,sr:competitor:42864
388,11,179,16,sr:competitor:1022815
389,-18,179,24,sr:competitor:20158
390,7,178,24,sr:competitor:99775
391,-4,177,14,sr:competitor:801420
392,9,175,11,sr:competitor:459317
393,-19,175,14,sr:competitor:25822
394,-6,175,14,sr:competitor:120664
395,-6,175,21,sr:competitor:96981
396,-5,173,11,sr:competitor:720625
397,-7,173,15,sr:competitor:130624
398,-6,171,4,sr:competitor:48455
399,41,171,10,sr:competitor:273017
400,-7,171,26,sr:competitor:153744
401,164,171,6,sr:competitor:63682
402,-7,171,20,sr:competitor:341196
403,-5,169,6,sr:competitor:100341
404,-4,169,22,sr:competitor:185412
405,-3,168,22,sr:competitor:206957
406,-3,166,20,sr:competitor:47876
407,-3,166,21,sr:competitor:1008651
408,22,165,12,sr:competitor:804342
409,-3,165,26,sr:competitor:66516
410,-2,164,12,sr:competitor:880229
411,10,164,25,sr:competitor:171354
412,-2,164,26,sr:competitor:873729
413,-41,163,4,sr:competitor:210716
414,-2,161,5,sr:competitor:366114
415,-2,161,17,sr:competitor:741607
416,-1,160,18,sr:competitor:283483
417,-1,159,23,sr:competitor:80723
418,43,159,15,sr:competitor:878645
419,31,159,19,sr:competitor:476218
420,-2,158,5,sr:competitor:728549
421,1,157,14,sr:competitor:133080
422,-3,157,8,sr:competitor:145930
423,0,157,11,sr:competitor:686597
424,8,157,16,sr:competitor:179248
425,10,157,24,sr:competitor:447759
426,-2,157,24,sr:competitor:171026
427,-2,156,5,sr:competitor:45584
428,-23,156,14,sr:competitor:192138
429,-3,156,17,sr:competitor:1027517
430,-3,156,19,sr:competitor:182056
431,2,155,7,sr:competitor:25066
432,-3,155,12,sr:competitor:310982
433,13,155,15,sr:competitor:677411
434,-25,155,21,sr:competitor:72634
435,-1,152,13,sr:competitor:119664
436,0,151,4,sr:competitor:499484
437,0,151,11,sr:competitor:196664
438,0,151,21,sr:competitor:858867
439,0,150,6,sr:competitor:90814
440,1,150,2,sr:competitor:790640
441,2,150,16,sr:competitor:827440
442,-35,149,12,sr:competitor:46273
443,1,148,19,sr:competitor:522258
444,1,148,23,sr:competitor:569009
445,3,147,15,sr:competitor:620340
446,3,146,14,sr:competitor:675193
447,4,145,13,sr:competitor:158690
448,32,145,18,sr:competitor:157368
449,4,144,11,sr:competitor:138330
450,6,144,9,sr:competitor:208181
451,22,144,12,sr:competitor:221510
452,3,143,9,sr:competitor:627278
453,4,143,13,sr:competitor:217036
454,-58,143,15,sr:competitor:1020859
455,226,141,6,sr:competitor:183861
456,2,140,3,sr:competitor:58515
457,-15,140,10,sr:competitor:960043
458,2,140,13,sr:competitor:915371
459,3,140,14,sr:competitor:340365
460,4,140,30,sr:competitor:341238
461,4,139,9,sr:competitor:588449
462,4,139,18,sr:competitor:98105
463,4,139,19,sr:competitor:220654
464,4,138,13,sr:competitor:202795
465,-90,137,6,sr:competitor:43527
466,30,137,14,sr:competitor:420997
467,4,136,3,sr:competitor:595220
468,4,136,9,sr:competitor:431743
469,5,136,19,sr:competitor:360054
470,6,135,15,sr:competitor:766176
471,-8,135,16,sr:competitor:389048
472,43,134,13,sr:competitor:72860
473,22,134,13,sr:competitor:378226
474,3,134,17,sr:competitor:827398
475,3,132,3,sr:competitor:71034
476,3,132,9,sr:competitor:112957
477,47,132,8,sr:competitor:421379
478,47,132,14,sr:competitor:18731
479,2,132,23,sr:competitor:568103
480,2,131,2,sr:competitor:19704
481,26,131,10,sr:competitor:750331
482,-13,131,17,sr:competitor:522848
483,3,131,17,sr:competitor:154744
484,3,131,20,sr:competitor:857871
485,6,130,6,sr:competitor:343160
486,2,130,16,sr:competitor:784898
487,-4,130,10,sr:competitor:106341
488,1,130,13,sr:competitor:932867
489,-19,130,19,sr:competitor:265743
490,2,129,10,sr:competitor:784280
491,-80,129,12,sr:competitor:831284
492,-64,128,10,sr:competitor:213140
493,0,128,13,sr:competitor:840734
494,3,126,14,sr:competitor:511932
495,77,126,14,sr:competitor:460837
496,4,125,3,sr:competitor:71730
497,-22,125,5,sr:competitor:47969
498,3,125,12,sr:competitor:262701
499,32,125,14,sr:competitor:410299
500,49,125,16,sr:competitor:720627
501,1,125,18,sr:competitor:831262
